<doc>
    <assembly>
        <name>Xamarin.Forms.Xaml</name>
    </assembly>
    <members>
        <member name="T:Xamarin.Forms.Xaml.ArrayExtension">
            <summary>To be added.</summary>
            <remarks>To be added.</remarks>
        </member>
        <member name="C:Xamarin.Forms.Xaml.ArrayExtension">
            <summary>To be added.</summary>
            <remarks>To be added.</remarks>
        </member>
        <member name="P:Xamarin.Forms.Xaml.ArrayExtension.Items">
            <summary>To be added.</summary>
            <value>To be added.</value>
            <remarks>To be added.</remarks>
        </member>
        <member name="M:Xamarin.Forms.Xaml.ArrayExtension.ProvideValue(System.IServiceProvider)">
            <param name="serviceProvider">To be added.</param>
            <summary>To be added.</summary>
            <returns>To be added.</returns>
            <remarks>To be added.</remarks>
        </member>
        <member name="P:Xamarin.Forms.Xaml.ArrayExtension.Type">
            <summary>To be added.</summary>
            <value>To be added.</value>
            <remarks>To be added.</remarks>
        </member>
        <member name="T:Xamarin.Forms.Xaml.Extensions">
            <summary>Extension class for <see cref="T:Xamarin.Forms.View" /> defining <see cref="M:Xamarin.Forms.Extensions.LoadFromXaml`1" /> method.</summary>
            <remarks>To be added.</remarks>
        </member>
        <member name="M:Xamarin.Forms.Xaml.Extensions.LoadFromXaml``1(``0,System.Type)">
            <typeparam name="TView">To be added.</typeparam>
            <param name="view">To be added.</param>
            <param name="callingType">To be added.</param>
            <summary>To be added.</summary>
            <returns>To be added.</returns>
            <remarks>To be added.</remarks>
        </member>
        <member name="T:Xamarin.Forms.Xaml.NullExtension">
            <summary>To be added.</summary>
            <remarks>To be added.</remarks>
        </member>
        <member name="C:Xamarin.Forms.Xaml.NullExtension">
            <summary>To be added.</summary>
            <remarks>To be added.</remarks>
        </member>
        <member name="M:Xamarin.Forms.Xaml.NullExtension.ProvideValue(System.IServiceProvider)">
            <param name="serviceProvider">To be added.</param>
            <summary>To be added.</summary>
            <returns>To be added.</returns>
            <remarks>To be added.</remarks>
        </member>
        <member name="T:Xamarin.Forms.Xaml.ReferenceExtension">
            <summary>To be added.</summary>
            <remarks>To be added.</remarks>
        </member>
        <member name="C:Xamarin.Forms.Xaml.ReferenceExtension">
            <summary>To be added.</summary>
            <remarks>To be added.</remarks>
        </member>
        <member name="P:Xamarin.Forms.Xaml.ReferenceExtension.Name">
            <summary>To be added.</summary>
            <value>To be added.</value>
            <remarks>To be added.</remarks>
        </member>
        <member name="M:Xamarin.Forms.Xaml.ReferenceExtension.ProvideValue(System.IServiceProvider)">
            <param name="serviceProvider">To be added.</param>
            <summary>To be added.</summary>
            <returns>To be added.</returns>
            <remarks>To be added.</remarks>
        </member>
        <member name="T:Xamarin.Forms.Xaml.StaticExtension">
            <summary>To be added.</summary>
            <remarks>To be added.</remarks>
        </member>
        <member name="C:Xamarin.Forms.Xaml.StaticExtension">
            <summary>To be added.</summary>
            <remarks>To be added.</remarks>
        </member>
        <member name="P:Xamarin.Forms.Xaml.StaticExtension.Member">
            <summary>To be added.</summary>
            <value>To be added.</value>
            <remarks>To be added.</remarks>
        </member>
        <member name="M:Xamarin.Forms.Xaml.StaticExtension.ProvideValue(System.IServiceProvider)">
            <param name="serviceProvider">To be added.</param>
            <summary>To be added.</summary>
            <returns>To be added.</returns>
            <remarks>To be added.</remarks>
        </member>
        <member name="T:Xamarin.Forms.Xaml.TypeExtension">
            <summary>To be added.</summary>
            <remarks>To be added.</remarks>
        </member>
        <member name="C:Xamarin.Forms.Xaml.TypeExtension">
            <summary>To be added.</summary>
            <remarks>To be added.</remarks>
        </member>
        <member name="M:Xamarin.Forms.Xaml.TypeExtension.ProvideValue(System.IServiceProvider)">
            <param name="serviceProvider">To be added.</param>
            <summary>To be added.</summary>
            <returns>To be added.</returns>
            <remarks>To be added.</remarks>
        </member>
        <member name="P:Xamarin.Forms.Xaml.TypeExtension.TypeName">
            <summary>To be added.</summary>
            <value>To be added.</value>
            <remarks>To be added.</remarks>
        </member>
        <member name="T:Xamarin.Forms.Xaml.XamlParseException">
            <summary>To be added.</summary>
            <remarks>To be added.</remarks>
        </member>
    </members>
</doc>
